Tag,Text
H1,Smart ERP for the Manufacturing & Mechanical Industry!
H2,Powering Efficiency. Driving Growth. Simplifying Operations.
H2,Features
H2,Testimonials
H2,Services
H2,Pricing
H2,Have a question? Check out the FAQ
H2,Contact
H3,15+ Years
H3,Tanaji Tengale
H3,Ganesh Chandak
H3,Sharad Dethe
H3,Nitin Rajwade
H3,Quotation & Sales Management
H3,Purchase & Inventory
H3,Payroll & HR Management
H3,Dashboard & Analytics
H3,Small-Scale Businesses & Startups
H3,Growing Medium-Scale Companies
H3,Large Manufacturing & Multi-Branch
H3,What is TRUERP and who is it designed for?
H3,Can TRUERP manage the end-to-end workflow of a manufacturing business?
H3,Is TRUERP cloud-based or offline?
H3,Can I customize modules based on my business requirements?
H3,How secure is my data in TRUERP?
H3,Do you provide training and support?
H3,Ready to streamline your operations? Let's get started today.
H3,Contact Info
H3,Get In Touch
